country,total_viable_pixels,total_m3,total_exposure,avg_lcow,total_viable_ha,deficit_per_ha
Algeria,203,2402443924.8885736,1571936738.9314213,0.6471198376139136,1598833.6668193694,1502.6228023255612
Angola,8904,111404535478.89471,32699191855.476604,0.5952103597061025,85879713.92957547,1297.2159591757668
Argentina,2470,3828257853.7523413,5097187159.309576,20.79454097017614,21661945.010521036,176.72733689855582
Australia,3025,7348783374.076583,7943572399.288948,4.6969089109638285,25911505.660717644,283.6108202395002
Bahamas,59,50695796.88615776,102320115.00883837,4.989786311824756,526403.985302658,96.30587590823426
Belize,105,1218490675.954918,235260647.86902794,0.22314404410827393,978168.3556543465,1245.6860507819306
Benin,890,4674024433.11416,2083407558.0633817,1.592242399073123,8630560.061070805,541.5667581292803
Bhutan,3,709422.8510757261,4897154.3401512075,20.73458836223401,26148.400543849944,27.130640357372872
Bolivia,14925,142052121330.3047,49672711857.72399,1.341942310811664,140254876.22406858,1012.8141363396511
Brazil,131103,1865377112628.2756,421327693291.737,0.39610038349900434,1235127188.4390624,1510.271274155753
Burundi,1058,9715090739.066196,2472506017.161281,0.28738154959356704,10339520.201065758,939.6075011357685
Cameroon,35,211959106.00129876,86221493.33400269,0.8428144635538289,341767.57042415073,620.1849570989045
Central African Rep.,129,153560560.53363803,243351784.34023896,29.94863543186332,1258757.9288188794,121.99371858394356
China,3159,19596421020.908306,8925556922.627655,0.6139674606891451,28402586.91371709,689.9519779814201
Colombia,1832,30731230449.59732,8529796133.799606,0.32669469560183234,17855477.12609373,1721.109451882815
Congo,661,9404786296.892872,1822006619.7056224,1.935530336554199,6464496.14919875,1454.8367080485552
Cuba,1966,10567766910.803465,3865186213.2503276,0.4858041850460831,17995730.13342207,587.2374631344784
Côte d'Ivoire,7097,94840101938.91257,17719892213.203728,0.3200583982172883,68926687.35839058,1375.956187271598
Dem. Rep. Congo,16489,132498900870.95656,43237187283.5383,1.551783434088324,160133577.1688638,827.4273466784173
Dominican Rep.,1020,18616926331.52359,6981023844.0258465,0.38056652480717096,9458465.786799578,1968.2818282755477
Ecuador,897,5417828089.172963,3285836518.0895305,2.7319062004442376,8771059.780617565,617.6936681181185
El Salvador,27,111032982.82376242,56825261.83515185,1.0966553842579876,257092.33410509225,431.87978828795104
Ethiopia,1413,10487056429.008442,3642217858.6531367,1.280989712195313,13675994.534216288,766.8222155815164
France,2,8346418.1475680135,2842914.981394723,0.340739798255856,14490.50305970459,575.9922973811626
Ghana,3514,44060323287.00026,9188852584.7539,0.5643008278683508,34164586.14283859,1289.648968753452
Greece,86,969190521.5815021,548093427.5053656,0.5400584764574973,684340.2319036361,1416.2407475087282
Guatemala,542,9545863458.040909,1872432850.947558,0.2677823147183195,5090091.724631389,1875.3814222733276
Guinea,74,2755635293.4195676,211559569.21605796,0.09844343651186775,712639.3254248211,3866.802174826471
Guyana,1345,36112443386.3548,4341164106.683553,0.12002547845838475,13148763.087999504,2746.4517494663496
Haiti,544,7845451800.054482,3285364483.0618963,0.5241337362245984,5043491.60440008,1555.5596034322525
Honduras,1066,6615347239.183237,3126426884.498855,1.3971316803379532,10081914.8859534,656.1597984129038
India,1625,9149427542.615622,3662080501.665609,3.2829331207366472,15209293.442174686,601.5682173140714
Indonesia,511,3453752618.4029384,1264389739.4354255,1.8367546921229807,4944961.68480099,698.4387015613316
Italy,138,1355753465.1762145,338534008.65308917,0.2532647923104459,1055346.6125808014,1284.6523113963308
Kenya,22,9642327.359572645,41841417.061825864,58.72937110337344,215302.73198261592,44.784974490482504
Lao PDR,324,312369822.3408543,616437103.3143039,26.177845506073258,2987034.314410167,104.575237329517
Lebanon,25,168945744.51134795,48744909.21100881,0.29055323004722594,202841.04857955474,832.8972153044606
Madagascar,1991,19956812873.027725,4292933207.2139635,0.6655225103353548,18413299.84018566,1083.825986989766
Malawi,567,2691299810.535992,1465690428.0059521,0.6656663437391805,5457856.404512755,493.1056464422053
Mexico,7797,75397355226.45149,27357091351.31881,0.7068349385119631,72143271.11077453,1045.1058576298874
Morocco,47,667418944.7839485,191406291.65180087,0.28686275414836065,375712.8227860306,1776.4071501068925
Mozambique,1223,3380663275.8251443,2202255723.018706,4.0391480247224125,11133076.905181563,303.65938406944036
Myanmar,5351,19839005851.1971,12183883205.09608,2.786751618065912,48526955.42621145,408.82444977129603
Nepal,3,871653.5085483273,4843902.337802883,268.6855142399425,25920.24985808716,33.62828342012953
New Caledonia,58,236353742.61412,149888417.22365516,0.6771978101099477,528050.815464257,447.5965867154663
New Zealand,291,536894595.7246412,711650019.548794,1.423334230732068,2311441.8693574737,232.2769189405941
Nicaragua,578,7540299548.012257,1672183615.4740245,1.0131485643778961,5521161.6309029935,1365.708894629667
Nigeria,737,2378796368.930196,1407605067.009643,1.2786396283579344,7152405.003861642,332.5869225310737
Paraguay,3502,12161520480.977392,6840427358.446245,5.000505648829347,31771438.24859418,382.78155322463294
Peru,2669,24897993595.19442,15303529333.4611,1.1418202409300746,25855792.19490915,962.9561301972672
Portugal,530,3670137578.876536,1834840177.7647486,0.5245455836005897,4000272.341838002,917.4719282213222
Puerto Rico,42,853970522.0286167,176395921.7263929,0.208893370443047,391430.66277667007,2181.6648598013585
Rwanda,746,3029445342.099654,1599810065.8339477,1.7992356017096216,7298558.702326543,415.0744641039834
South Africa,2808,13606185377.108175,7849398358.30415,0.7227241305624347,24102565.107104003,564.5119229694718
Spain,257,3271603252.106745,1195421092.554682,0.3587119432087957,1887929.6503405655,1732.9052761667137
Sri Lanka,120,949231070.5184387,291383841.575686,1.2737594056390944,1166162.8616860898,813.9781343628098
Swaziland,416,2047581678.4473226,975710989.9293009,0.4823038154949175,3655968.7507838053,560.0654212398124
Syria,64,456916028.3949063,127289451.83351322,0.2846060593146831,515553.373416156,886.2632890311485
Taiwan,13,38772359.38160568,30207072.089029923,1.048061776477458,117644.50165730361,329.5722182966858
Tanzania,8560,46788055926.59967,20644606928.156216,1.6605788908177117,83213648.7017635,562.2642037280132
Thailand,79,36328140.718197145,144855234.19136685,19.935519346330835,730512.948081485,49.72963287454958
Timor-Leste,103,382408849.16883075,241250396.55666706,1.4441502897879674,996792.9206313839,383.63921056602925
Togo,1232,10578830481.820402,3056716470.0649667,0.3902014603178784,11961703.97503142,884.3915970418933
Trinidad and Tobago,68,3260895532.5086784,954474111.1823355,0.27283351042883386,655052.9590306855,4978.063968040062
Tunisia,42,459909889.0504776,85156416.01377732,0.18521366348072013,330005.35380541685,1393.6437204641752
Turkey,166,2442814432.4722013,1722023730.317443,0.7073467005076627,1308186.9168351684,1867.3282854578465
Uganda,2847,13011097530.382652,6682875822.15259,2.4899463855287287,27860063.047211666,467.0160835003871
United States,1366,15506259432.252798,242896098031.70306,7.807316944518087,11890335.399421934,1304.106142624594
Venezuela,11839,327627378599.28326,52347984469.928085,0.3064793678921811,114488968.42330717,2861.650193125387
Vietnam,125,556863469.3504897,289509081.7273767,0.9260527398159004,1132889.7575443664,491.54250503379785
Zambia,8811,52248670906.83019,18920051313.54267,0.6080385557576858,84566342.98635979,617.8423834084642
Zimbabwe,4,966768.9877236797,7094129.645663027,19.60976117443942,37233.90658473511,25.964747629249004
